Hash,ID
9fe7ec66f8d871ca86300ad80176f267afa940bd,1232716:
04004a62e2f190d6cfb3bd6965e9054125b56c47,1191706:
7829cc8281fabe7809b85d772a7495ba1920dfed,1045782:
f7293523ca164bc5726c98be8fbdfef74d952fe1,1045782:
66e373d115707a31506abb62b95425555e94435b,1235270:
2fdc142ef1119b9fc2741181ee4386c64c3c1677,402039:
76d1a3dce027679850d12c2857dc4263962f1f52,1235772:
9c29ca8e756983f8ee3676be07af1d342bd140b6,1235271:
5de72e1a092719475396826f94fdcdf4de56d85b,1235271:
2db58cfea492eeba77be6c9ef099c16f0b175388,1238987
35429919e6438ee05a5bc9413952cc30fed9e6b6,1239582
a0c3ade6d450ee0403612199a96db5bb8a577006,1229994:
933fe72425f6e657c152950246735370f0f06dcf,922549:
513b4458b42e7f20ee0e57995c339c2dd6c495e7,922549:
864d9b8f7988fa8e1f069c96956573fc67ebccfa,1240157
871de5e2dbb48867b08371ce90881d8f85b18ff1,1240029
67b6e9f3fb4034482ab2de72191e980e8a5bd0b6,1159057
f798c044aa06e9f8f3dc174e0d4d2710c76aaa37,1242880:
39d8526e3b986f42cce3d476319051238d5424e7,1240752
e5a69b5d218de00d560a2f8ec0577b59e8ce18c8,1240752
a0f345b36eda134a8483be13fe75307f20809c54,555438
a8512cea01b427d2af0a980b856e06e307c4c185,1241026
8c54443dd24eb15576dd5c2ebfbc6ce174276b3c,731589
c81a842c51eb1bd8beddbadc865450bd4e4db0bf,1237161:
6967405a89a660884a9b1475d3c555a7ae289fbb,1240172
6ef9bbb5abeee1bd7c06d9b74dcb29afbe424fa6,1046241:
75760c8acca7560f58f2290fca265603bb3992b3,1046241:
e337e452b4e28aa26736451d3413945ee965dc85,1246531:
82a0ece444c65e4354ea3643e63ff7c9f547a8de,1246531:
6bd668c23ea614357b3028520d7539b7e48b6568,1244528
c2265a627a585e110cd4251a7cf9ca80ad65734f,1247195
88a60383f6c804668079da938ab7c2913415dbfd,487573:
fdf115604c036ca05656380f91a29166b40ed1f0,1242263:
daf1022807acee54bd221492e5871b5cbcc5ae09,1242263:
796b692bb18a9e1bcd1fa771d161b8bf3aef7c25,1242264:
dfa6603fddcfe9bd1c4c7a0f31c2689a01009105,1242264:
0ae0fecd06e72557bcd87a8f58e55968081cb2dd,1148577
a8adffb5ba7161a9ac491cca98d880577c1ab2fc,1250264:
b241244b33f920514c2a84a0c98279aa7158f200,1250264:
2c33712dc066463ab9741a009e56d9a5c2ffedf6,1246528
0856fd924fdfd2e5ed08b2f25ef7e1ebe69f9aca,1246528:
8c597ceae28ba1bbe1780d88397af7ab065c613d,1250354:
bb909eae7218de25805d80a442c6c59e89760df9,1250354:
55f7bb28f04b915a2b8129d1e86e574dc333362a,1250875
5c7b05750982bca4528c5acde579012f7ccf9120,1250786
981cd0404a2a3a0a8a320c1709151b18075a3655,1250944
c664718ef5e857144479859546d998f1465b830b,1251221
6f70920f2d2bb038a371e3cb3debff44f7001fa8,1250043
9b6ec1f545da1cc4088ddf9cc117747954e58e65,1069799
438d57d65626d068ca0f28de46410ebecc9a9b57,1251208
86fb87f1a65a17e7a86fe71b06d57767b0b3ea3b,1136137:
94baad58ceedd7db7fdd86117d0a9d18f06acacc,1251672:
f1c21a5652c66ab67214b4c5ae1ffc2aed538b18,314366
57d04a5eb587ff0df31f4ede988b107f6d68a84f,1252880
e1f6b9449eba5d15b3e5f24b35896b18c9b644d3,1253074
eb323eb6db292aa9fb705ceaff9c94b3a7a74c4d,1234977:
777c785af2f2e8ee911298d98649626ee346aa39,1250908:
7621e45539668c56a8f7b83a46a05a9e5aca79b0,1250908:
27daf484e99ea638f10beec81f41a2bcb412fd4d,1253267:
1c5ecdf1c8d11dbd47f1361bc11565d1175c81bd,1253267:
0cac98dfb514063de4201cd0037c465922cbef48,1230932:
6e0182e55396213869186764abb1620dcbf307f0,1230932:
da0347e9af601ec04d8f5095775ab538bd2ead6b,1251208
c7e80318e56b540caf778c11b79bac9e1bb03e68,1258187:
6896e0469c6d9fd22252e2959da8bacb5ca99aa9,1255619:
3368986490028be41351d4329fb4976df2eb75e1,1254226:
ab88cc202fcfd78088338c378d2f02515838331e,1257224:
a6562e03893e2d6f3c5719f4cc36e53067277959,987742
28ec15f1723f6d0c9bcceef8f86aa16a68b5fd93,987742
c9ba7ae53567600d34dc401f5a0746ca45dad331,1205072:
eb7f6697207efd3a4fe08403959a430e725b1b98,1200010:
89fbc61fe0d163a51d5dab65022bdfdd997157ce,1200010:
206927e1d3a9fcf73becf83d0376a92a7f0ecd0d,1260027:
97a24182d168363860dc153771e0b93f9520036d,1260027:
6be9f0a286b2e9abf0119173a9e66c37a7d9f0a1,880163
6c14face26954e4e2b537ba5342c71ae37a6b9b8,1261124:
aa5f64e15b5db9ef728032b21a3d85835bec0598,1261124:
60299ec5c0edac882d5552be61e4602e71447af8,1246228
652ee91875d03c2f9f63d004698e58b450e90186,1246228
fa360bee1863b1cb715a29966567ae08118de9a5,1261538
fb7c253e86deaa46790a8a1874fa976c9771e677,1204957
9ad3cf5bfc73bd34b0ce309e45d9703691376748,1204957
f97a46344ae5156fa6ba50ed847c795c523c6ed7,1263923
437d7e21a69a2a377f664d88e932a6f3d59270a3,619847
4bd1de9fddf7b02e76184e8af3fe808037040285,398546
ae22da8710d00232d28b7c6b9093d2b7e33b0627,1154457
90d86a9744883ccc120a0a955ffade72990e1505,1088022
06654a4693d7258deb0013ea23f70071b3486c83,1261679
ab5ec7e826741ab6bc8292114e6c6d41c7630a9c,1232171
a868b88d147f14c2135beb53b82babbc4c46635f,1232171
e2b113614dd7c00eef3fb890103935a33f03fb83,542239
ea0c5024c1701f6dfdc77c9161d9c0ff2f6c4bde,542239
ff441bcc43f86e3fedcecd0b774f171f1c8e61ef,1259881
8b0d558c0a41a25eb4b8047fb20d760cb2dc22dd,1259881
36253a7195fe34b4989ded4be78c1b62ae5b66fa,1259881
8506c4e0760251a4ad21df08d9a853f526df182e,1267536
3891b63a1eb52076337885487f251a10580a4a85,218917
86facf92f2346a817f7e7399718a66dd4fab7f8e,1268146
acf611b178afd1bdeed8383a9647bc73a4e10d05,1268174
0b25c5c2c1c95874a50f6163649daa5e068aaf81,1269252
64df9b75f1691629a6b7ad234d513d905dba2b2a,1268989
e750d63ca711df04038af5b1f42f64beda97a676,1268174
0aa70b1dc2e91c46026037991322ccf8c58d8b69,1269252
240e77d0bb966707fe63e21e25eea02998b8c4a0,1268989
f9530b742969b6a1cdb3f28bc83e0de480ee9664,1258157
e62fafc3d563080896c98c8d6eb69f78eea9b1cc,1258157
516ac2aed77eb1a6f8f06320ecf502a4dd6a44ed,1270550
af3c716b7dbe9e44719766593f6c51cf30a054e7,1251100
31317bc348532126d299bd89370b0e51e5831f31,1270536
0d8e62365e849460582afe52f7ae0b0554cf5f19,1270550
38106d12024c8a5c3d59c49c27de7bcd1622b652,1251100
347b1bae26a784f3260317a8a6dd808e817b7e60,1270536
67ad01e07846d7b8e3ce021fa5dccac64c36085d,645282
7c1d3b1b83b996df937764aa4ef1cc1dd56f5a46,1269160
152e23f3c6f4fee4d6f2ad46320c027d3ce87876,1270991
54f8e937861494f938ab7b2c8d45b88cc998d75e,1250114
01ad7ac3e1da1a3d7d7acc470a38d2dd57b4f6a4,1250114
a59f1e99c2285b2802a3da45658095b121d0f5cb,1250114
f630337aeeedf10c05509167df71358569c4b3d8,1246228
3cbbb6a019dc977f7defca23acee143de4bf4b35,1269389
16dd96bdfdadea63e182f0954f06c187cb83e75b,1269388
ab99e8dc2ce17827247f49fa34a13ef30ff8e449,1269388
0748e8411232181e3a769a5f3a3b60ad98239777,1208947
2db8904f0e386e0bc872cd3f6d7f843fd2068bbe,907710
c5a676ad9f8e3d82e3ae27087114c321204ee0d5,1261114
abfe21fd2b8579b30d097f0868c88e6fc3928c57,1272247
dd61903154fd363fb4e763d60aa155a507c2c3fc,1253263
0cc1797afa063761ab7e547bf805b4cb85accb78,1253263
5d47f29f0e30a4c46a39e4f9a9e2b00a435b1908,1253263
290456246f105deae1543fd9dd604d0d6218ea64,1273699
779e021e3f6ba106cc50522647ce5f921c9c14dd,1273846
fe2e95faa245b0df7b9bdd47ff9bf36880f966ea,1273846
5d5c1cfdb12050176825b4e1e28808a708dea58b,1205415
9acca922dddfadfad8d86e10bf516b30b113973c,1272883
d6e0a0d0e346990612579a47f291a41e76baa228,1275404
e6ba81447bc9a8e33b003dc7655464025e96354e,1269266
d6622519378217610be1e89885137a9722f45515,1269266
a0a047d035cc340f8cf856a2ef937ece578d13d8,1274764
5392ff48657e41f45799ae019a4695b3aa24258a,1283612
3f75ddd65da6a5753fa90b429ed6f43b4eeae088,1203960
dfc33c89b8cac25951867a2e6821120c92bb055b,1284277
c0cf9b11fb4a21387126069ff8cd7e3400a8de39,1284277
5880669daea07f078e2bd9deb6e1a0793f6a929f,542507
8afe38b1de55bbc47199e962821b964494639505,1284021
70ed4083d13124291080dfbb2ea7597cc617a12d,1226865
66a6a5cba35dabe7b7d60c6a59b929e2a54548a2,1289154
742fab1ca9c0e66f46fbaf08af26c31b5e5fd9a3,1286287
2f3b867fdb5187f88b4f91b5cd1cdcdd46866ec2,1183647
04949ce3c13734930bb05ebd08e8c5556bd807e2,1183647
12694986e7922afe2465a413ce19b7f3a749ee54,1292510
0ff8505eb28050efd7cd7c4032ac3ab828fe07ff,1292510
74cc533523bb6796c1f0c664d04c68566b126a15,1285959
e480f6552f2ecb594d44d88ad5b4e5cb51caf52c,1294571
30b5fd6015c0f08fadad78744e6a05c412ca19fb,1296570
a8824f3f870ba31fe0b4382a1eed93ea01e9f53b,1296831
0ee74224619e84abe3c4004fc8f756442574c3d9,1296831
b9c400173077e841ef5d48039c7fe09af0ae48c4,1294587
4da53d8f712210eba8ab81f85bb64ec15720085a,988971
c61b7ce75f229d4034099e8e93c56d98208bc799,1294569
1e2027a97adb7481c7cb296330039313fefd95c6,1284263
cf90f796e31b55fcf578ea4dd42c63d00d703616,1260020
d3878e0ba24285470c459a60881dc87a15a2d43d,1263379
22ef8ffbfe67a63c7cdbdcd7d5cbf197c6b86fed,580471
a43b2bbd196e4afe9c8d77dc5e4d0b09e1c1f3bd,1294596
3d7f4c7c6d6c9c8b478d67ec7ef4fe69e30a2184,1070122
c7b85d80debaba707e0b77633ebbd21575268770,1302143
a4601960dedb6012dd12e6a6fe47de7fc6af6965,65388
c67b3b303adba379f3625aa88a61d5fb49bd319d,399066
d10a58f32bb8ebbcd7016e1b8b0072839e70966f,1303702
fe2251f5ddef052e7d529fc5a8b7d42e3e086b98,1303702
26a6446788ec456517666c83453df553b2f3320d,1303702
6477ccf87c1b77e01dbc3aec8af1d19249b6ca54,1302755
1647690e0a71cb9ee6102463e98265e4945289b2,1302755
e8a10abab85874cfcd749416aa52d9a5e8da4486,1303896
307dce72d497c431dbd7c95e2ab4f12ad5b1cef3,1303896
2f4472f335e6baea7ac5b1d12c9bfa50bd58c1a2,1263244
2f35cf53661939388be02ff96323bdc1d8f0833e,1284979
df3729597080f59dde63fe6e46164202c6d3e27f,1291968
1bb7351a0db548394a1dad04c511088c95753e9d,1293782
860b0775639d031f0ea954061fe69934177eac81,1254516
63f79c626077c29a0134a2e3a97d6fe0665e7200,1305468
81711939d177924266bf988278f93bed046c9798,1290588
0d22ef69987f85fca6df9d33f039ffc00a13a5c9,1300437
adcfe9f154e6751b842ba930de5300fe72214e4e,1300437
d9ba51c35e379110795c08ee6f7dee3acfec1a59,1309278
b0f5a16ece2ae97d5ebec0c36aed4f965b162398,711655
f1b9ed5d96a4738471559c9a275eabc4333d74f4,1306534
89cb60fe38a7962c876bce18368db90cedda84eb,1306534
ecc8545925a3c591bc6cbbfe0220e05eebe4e294,1309649
31651c978e921e9e46cddd455f103fcf4b1a332a,1307003
a716dc746cca1dc5d65e90b0dde3473ad84328c3,1309737
df4677439d7b3658e2d896ffaab903b01c2e2fe6,1301887
d1e7da3b24637d6bb70f24fd16ada00104a24123,1308949
0fcb110a32cbf571db7c3c26e2a0658ebea4daf8,1306455
7d445a428fc4731006b3743be922a17d84e5155d,1310728
ec6dada4bc0d26ca09ba26b169aff3be9575f99e,1310728
14ee84314a54c530f7a71420334c978c43cebeb3,1309884
06779036db44ec799fee99173015c5349eb80c92,331007
3c60fba26b1fa51ec302d05dc6e76236d2f54ba4,228444
8d720931bc4d84f2a0f5cdc3755f9af4f1f9cee2,1317777
1a0c5438e6394e9225720d21de1ac3a6fb524322,521536
a11fc4fe979dff00fb394dade34a7efce70eb2ad,1325425
64794ccd5345a5c60a4e12ea43053c32d3aa92d8,1288737
2e6f98dbf14a71f8197165f7df8fecde1b5555bf,1332976
fab635c61770842a43d6241bcee68d95034309f8,1249561
65bbd453dc8cedef86af52a37dd84ed0257acb62,1301383
84ebf678974927ed94561b34c2f8a89f217d08a4,1299141
d3a58e043a804feacc1d401dd4e1be02c56fc93d,1301951
d045206593953ebfeb22858baa25e8c2fe565e33,1174341
b15cb6e72d47026150c91af9918706ceb5c77109,1254514
dfb688869062b955488057144eaa99f5c91cea28,1342795
c6363140a64acb0d629f6cf66b8df36ef590692e,1272673
8dae231543259281f944bf5a8997b1a64420ede5,1291006
bae90f4d945b628971b5d54435791c56afc3b770,1314854:
af4c66e5238968fdcd1bb568bbacf219e8e85cba,1314854:
93113aee0c701b9346e7a19d54bc860bf1b74b44,1287601
2680841f7ff1edd5077c181171f8018d3584d302,1342813
940bae774ba9c68067144ca374010d8d232ba5aa,1342818
08d1c9d759986c4f2cf80149128c73f129c3b62e,1342832
7c29a091376bb073575e9e42cd779e9d4911a264,1301884
2d82c1388597f65878c1296f6f9cc91bb3c0b2da,1342784
6eadc4e3f283f023f2f6871067584fce732b6bc5,1398100
726dbd97cdf46a766ba8da6959594833ee03d65a,1398100
b442c24034bb9210a15339c01f69ce7ebec64582,"1271907

Docs"
8f405c09b2ef1db943aaea9201785d93cd35f86e,688205
9f5a8a28783f66b15973ac3714d10d1c0fa05f6d,1202853
26a693adb179c4a50272014c97b8f7e52efbea98,1235395
f709156da6e562a4466d45c9422ff0a111aaa7e0,1191706:
6e6093a1ea2e44df70c1689e454a24c71cc33e54,1235270:
2e0038dcb48f1e159520d093033db791483b0e63,1236240
d6c9f9c56c5570e2e3118a05f05cecbc4a062c68,324242:
f6fd37da0f2c1792b1f804147a54fd0ea1212f54,324242:
160a960408857e2a01728e01b22b2f54d0ef3b11,402039:
